{"RMSE": 0.9660099993763724, "MAE": 0.7478043339858234, "R2": 0.16850073606420246}