{"RMSE": 0.9540944841583818, "MAE": 0.7355297698992245, "R2": 0.18152618933018616}